{
    "results": {
        "tool": {
            "name": "pytest",
            "version": "8.4.1"
        },
        "summary": {
            "tests": 2,
            "passed": 2,
            "failed": 0,
            "skipped": 0,
            "pending": 0,
            "other": 0,
            "start": 1783457377.1254141,
            "stop": 1783457377.1461937
        },
        "tests": [
            {
                "name": "test_outputs.py::test_report_exists",
                "status": "passed",
                "duration": 0.0005512569996426464,
                "start": 1783457377.1427135,
                "stop": 1783457377.144252,
                "retries": 0,
                "file_path": "test_outputs.py"
            },
            {
                "name": "test_outputs.py::test_report_nonempty",
                "status": "passed",
                "duration": 0.00032139599989022827,
                "start": 1783457377.1444843,
                "stop": 1783457377.1454628,
                "retries": 0,
                "file_path": "test_outputs.py"
            }
        ]
    }
}