{
    "results": {
        "tool": {
            "name": "pytest",
            "version": "8.4.1"
        },
        "summary": {
            "tests": 2,
            "passed": 2,
            "failed": 0,
            "skipped": 0,
            "pending": 0,
            "other": 0,
            "start": 1783457197.0565422,
            "stop": 1783457197.0865698
        },
        "tests": [
            {
                "name": "test_outputs.py::test_report_exists",
                "status": "passed",
                "duration": 0.0006502099995486788,
                "start": 1783457197.0811388,
                "stop": 1783457197.0832963,
                "retries": 0,
                "file_path": "test_outputs.py"
            },
            {
                "name": "test_outputs.py::test_report_nonempty",
                "status": "passed",
                "duration": 0.0005931149999014451,
                "start": 1783457197.0836775,
                "stop": 1783457197.0853593,
                "retries": 0,
                "file_path": "test_outputs.py"
            }
        ]
    }
}