{
    "results": {
        "tool": {
            "name": "pytest",
            "version": "8.4.1"
        },
        "summary": {
            "tests": 2,
            "passed": 2,
            "failed": 0,
            "skipped": 0,
            "pending": 0,
            "other": 0,
            "start": 1783455847.8280454,
            "stop": 1783455847.8523505
        },
        "tests": [
            {
                "name": "test_outputs.py::test_report_exists",
                "status": "passed",
                "duration": 0.0005627259979519295,
                "start": 1783455847.848,
                "stop": 1783455847.8493483,
                "retries": 0,
                "file_path": "test_outputs.py"
            },
            {
                "name": "test_outputs.py::test_report_nonempty",
                "status": "passed",
                "duration": 0.0005057009993834072,
                "start": 1783455847.8496172,
                "stop": 1783455847.851131,
                "retries": 0,
                "file_path": "test_outputs.py"
            }
        ]
    }
}